{"train/train_runtime": 269.8566, "train/train_samples_per_second": 0.037, "train/train_steps_per_second": 0.011, "train/total_flos": 60693918105600.0, "train/train_loss": 10.042011260986328, "train/epoch": 1.0, "train/global_step": 3, "_timestamp": 1700585202.8446736, "_runtime": 267.8847155570984, "_step": 0, "_wandb": {"runtime": 267}}