{"train/train_runtime": 693.7013, "train/train_samples_per_second": 0.014, "train/train_steps_per_second": 0.004, "train/total_flos": 60693918105600.0, "train/train_loss": 10.048756917317709, "train/epoch": 1.0, "train/global_step": 3, "_timestamp": 1700588016.4186602, "_runtime": 691.3490240573883, "_step": 0, "_wandb": {"runtime": 991}}